event,event_utc,event_la,year,event_la_date,event_desc
Spring Equinox,2000-03-20T08:00:00Z,2000-03-20T08:00:00Z,2000,2000-03-20,Day and night are approximately equal.
Summer Solstice,2000-06-21T02:00:00Z,2000-06-21T02:00:00Z,2000,2000-06-20,The longest day of the year.
Autumn Equinox,2000-09-22T17:00:00Z,2000-09-22T17:00:00Z,2000,2000-09-22,Day and night are approximately equal.
Winter Solstice,2000-12-21T14:00:00Z,2000-12-21T14:00:00Z,2000,2000-12-21,The longest night of the year.
Spring Equinox,2001-03-20T14:00:00Z,2001-03-20T14:00:00Z,2001,2001-03-20,Day and night are approximately equal.
Summer Solstice,2001-06-21T08:00:00Z,2001-06-21T08:00:00Z,2001,2001-06-21,The longest day of the year.
Autumn Equinox,2001-09-22T23:00:00Z,2001-09-22T23:00:00Z,2001,2001-09-22,Day and night are approximately equal.
Winter Solstice,2001-12-21T19:00:00Z,2001-12-21T19:00:00Z,2001,2001-12-21,The longest night of the year.
Spring Equinox,2002-03-20T19:00:00Z,2002-03-20T19:00:00Z,2002,2002-03-20,Day and night are approximately equal.
Summer Solstice,2002-06-21T13:00:00Z,2002-06-21T13:00:00Z,2002,2002-06-21,The longest day of the year.
Autumn Equinox,2002-09-23T05:00:00Z,2002-09-23T05:00:00Z,2002,2002-09-22,Day and night are approximately equal.
Winter Solstice,2002-12-22T01:00:00Z,2002-12-22T01:00:00Z,2002,2002-12-21,The longest night of the year.
Spring Equinox,2003-03-21T01:00:00Z,2003-03-21T01:00:00Z,2003,2003-03-20,Day and night are approximately equal.
Summer Solstice,2003-06-21T19:00:00Z,2003-06-21T19:00:00Z,2003,2003-06-21,The longest day of the year.
Autumn Equinox,2003-09-23T11:00:00Z,2003-09-23T11:00:00Z,2003,2003-09-23,Day and night are approximately equal.
Winter Solstice,2003-12-22T07:00:00Z,2003-12-22T07:00:00Z,2003,2003-12-21,The longest night of the year.
Spring Equinox,2004-03-20T07:00:00Z,2004-03-20T07:00:00Z,2004,2004-03-19,Day and night are approximately equal.
Summer Solstice,2004-06-21T01:00:00Z,2004-06-21T01:00:00Z,2004,2004-06-20,The longest day of the year.
Autumn Equinox,2004-09-22T16:00:00Z,2004-09-22T16:00:00Z,2004,2004-09-22,Day and night are approximately equal.
Winter Solstice,2004-12-21T13:00:00Z,2004-12-21T13:00:00Z,2004,2004-12-21,The longest night of the year.
Spring Equinox,2005-03-20T13:00:00Z,2005-03-20T13:00:00Z,2005,2005-03-20,Day and night are approximately equal.
Summer Solstice,2005-06-21T07:00:00Z,2005-06-21T07:00:00Z,2005,2005-06-21,The longest day of the year.
Autumn Equinox,2005-09-22T22:00:00Z,2005-09-22T22:00:00Z,2005,2005-09-22,Day and night are approximately equal.
Winter Solstice,2005-12-21T19:00:00Z,2005-12-21T19:00:00Z,2005,2005-12-21,The longest night of the year.
Spring Equinox,2006-03-20T18:00:00Z,2006-03-20T18:00:00Z,2006,2006-03-20,Day and night are approximately equal.
Summer Solstice,2006-06-21T12:00:00Z,2006-06-21T12:00:00Z,2006,2006-06-21,The longest day of the year.
Autumn Equinox,2006-09-23T04:00:00Z,2006-09-23T04:00:00Z,2006,2006-09-22,Day and night are approximately equal.
Winter Solstice,2006-12-22T00:00:00Z,2006-12-22T00:00:00Z,2006,2006-12-21,The longest night of the year.
Spring Equinox,2007-03-21T00:00:00Z,2007-03-21T00:00:00Z,2007,2007-03-20,Day and night are approximately equal.
Summer Solstice,2007-06-21T18:00:00Z,2007-06-21T18:00:00Z,2007,2007-06-21,The longest day of the year.
Autumn Equinox,2007-09-23T10:00:00Z,2007-09-23T10:00:00Z,2007,2007-09-23,Day and night are approximately equal.
Winter Solstice,2007-12-22T06:00:00Z,2007-12-22T06:00:00Z,2007,2007-12-21,The longest night of the year.
Spring Equinox,2008-03-20T06:00:00Z,2008-03-20T06:00:00Z,2008,2008-03-19,Day and night are approximately equal.
Summer Solstice,2008-06-20T23:00:00Z,2008-06-20T23:00:00Z,2008,2008-06-20,The longest day of the year.
Autumn Equinox,2008-09-22T16:00:00Z,2008-09-22T16:00:00Z,2008,2008-09-22,Day and night are approximately equal.
Winter Solstice,2008-12-21T12:00:00Z,2008-12-21T12:00:00Z,2008,2008-12-21,The longest night of the year.
Spring Equinox,2009-03-20T12:00:00Z,2009-03-20T12:00:00Z,2009,2009-03-20,Day and night are approximately equal.
Summer Solstice,2009-06-21T06:00:00Z,2009-06-21T06:00:00Z,2009,2009-06-20,The longest day of the year.
Autumn Equinox,2009-09-22T21:00:00Z,2009-09-22T21:00:00Z,2009,2009-09-22,Day and night are approximately equal.
Winter Solstice,2009-12-21T18:00:00Z,2009-12-21T18:00:00Z,2009,2009-12-21,The longest night of the year.
Spring Equinox,2010-03-20T18:00:00Z,2010-03-20T18:00:00Z,2010,2010-03-20,Day and night are approximately equal.
Summer Solstice,2010-06-21T11:00:00Z,2010-06-21T11:00:00Z,2010,2010-06-21,The longest day of the year.
Autumn Equinox,2010-09-23T03:00:00Z,2010-09-23T03:00:00Z,2010,2010-09-22,Day and night are approximately equal.
Winter Solstice,2010-12-21T23:00:00Z,2010-12-21T23:00:00Z,2010,2010-12-21,The longest night of the year.
Spring Equinox,2011-03-20T23:00:00Z,2011-03-20T23:00:00Z,2011,2011-03-20,Day and night are approximately equal.
Summer Solstice,2011-06-21T17:00:00Z,2011-06-21T17:00:00Z,2011,2011-06-21,The longest day of the year.
Autumn Equinox,2011-09-23T09:00:00Z,2011-09-23T09:00:00Z,2011,2011-09-23,Day and night are approximately equal.
Winter Solstice,2011-12-22T06:00:00Z,2011-12-22T06:00:00Z,2011,2011-12-21,The longest night of the year.
Spring Equinox,2012-03-20T05:00:00Z,2012-03-20T05:00:00Z,2012,2012-03-19,Day and night are approximately equal.
Summer Solstice,2012-06-20T23:00:00Z,2012-06-20T23:00:00Z,2012,2012-06-20,The longest day of the year.
Autumn Equinox,2012-09-22T15:00:00Z,2012-09-22T15:00:00Z,2012,2012-09-22,Day and night are approximately equal.
Winter Solstice,2012-12-21T11:00:00Z,2012-12-21T11:00:00Z,2012,2012-12-21,The longest night of the year.
Spring Equinox,2013-03-20T11:00:00Z,2013-03-20T11:00:00Z,2013,2013-03-20,Day and night are approximately equal.
Summer Solstice,2013-06-21T05:00:00Z,2013-06-21T05:00:00Z,2013,2013-06-20,The longest day of the year.
Autumn Equinox,2013-09-22T21:00:00Z,2013-09-22T21:00:00Z,2013,2013-09-22,Day and night are approximately equal.
Winter Solstice,2013-12-21T17:00:00Z,2013-12-21T17:00:00Z,2013,2013-12-21,The longest night of the year.
Spring Equinox,2014-03-20T17:00:00Z,2014-03-20T17:00:00Z,2014,2014-03-20,Day and night are approximately equal.
Summer Solstice,2014-06-21T11:00:00Z,2014-06-21T11:00:00Z,2014,2014-06-21,The longest day of the year.
Autumn Equinox,2014-09-23T02:00:00Z,2014-09-23T02:00:00Z,2014,2014-09-22,Day and night are approximately equal.
Winter Solstice,2014-12-21T23:00:00Z,2014-12-21T23:00:00Z,2014,2014-12-21,The longest night of the year.
Spring Equinox,2015-03-20T23:00:00Z,2015-03-20T23:00:00Z,2015,2015-03-20,Day and night are approximately equal.
Summer Solstice,2015-06-21T17:00:00Z,2015-06-21T17:00:00Z,2015,2015-06-21,The longest day of the year.
Autumn Equinox,2015-09-23T08:00:00Z,2015-09-23T08:00:00Z,2015,2015-09-23,Day and night are approximately equal.
Winter Solstice,2015-12-22T05:00:00Z,2015-12-22T05:00:00Z,2015,2015-12-21,The longest night of the year.
Spring Equinox,2016-03-20T05:00:00Z,2016-03-20T05:00:00Z,2016,2016-03-19,Day and night are approximately equal.
Summer Solstice,2016-06-20T23:00:00Z,2016-06-20T23:00:00Z,2016,2016-06-20,The longest day of the year.
Autumn Equinox,2016-09-22T14:00:00Z,2016-09-22T14:00:00Z,2016,2016-09-22,Day and night are approximately equal.
Winter Solstice,2016-12-21T11:00:00Z,2016-12-21T11:00:00Z,2016,2016-12-21,The longest night of the year.
Spring Equinox,2017-03-20T10:00:00Z,2017-03-20T10:00:00Z,2017,2017-03-20,Day and night are approximately equal.
Summer Solstice,2017-06-21T04:00:00Z,2017-06-21T04:00:00Z,2017,2017-06-20,The longest day of the year.
Autumn Equinox,2017-09-22T20:00:00Z,2017-09-22T20:00:00Z,2017,2017-09-22,Day and night are approximately equal.
Winter Solstice,2017-12-21T16:00:00Z,2017-12-21T16:00:00Z,2017,2017-12-21,The longest night of the year.
Spring Equinox,2018-03-20T16:00:00Z,2018-03-20T16:00:00Z,2018,2018-03-20,Day and night are approximately equal.
Summer Solstice,2018-06-21T10:00:00Z,2018-06-21T10:00:00Z,2018,2018-06-21,The longest day of the year.
Autumn Equinox,2018-09-23T02:00:00Z,2018-09-23T02:00:00Z,2018,2018-09-22,Day and night are approximately equal.
Winter Solstice,2018-12-21T22:00:00Z,2018-12-21T22:00:00Z,2018,2018-12-21,The longest night of the year.
Spring Equinox,2019-03-20T22:00:00Z,2019-03-20T22:00:00Z,2019,2019-03-20,Day and night are approximately equal.
Summer Solstice,2019-06-21T16:00:00Z,2019-06-21T16:00:00Z,2019,2019-06-21,The longest day of the year.
Autumn Equinox,2019-09-23T08:00:00Z,2019-09-23T08:00:00Z,2019,2019-09-23,Day and night are approximately equal.
Winter Solstice,2019-12-22T04:00:00Z,2019-12-22T04:00:00Z,2019,2019-12-21,The longest night of the year.
Spring Equinox,2020-03-20T04:00:00Z,2020-03-20T04:00:00Z,2020,2020-03-19,Day and night are approximately equal.
Summer Solstice,2020-06-20T22:00:00Z,2020-06-20T22:00:00Z,2020,2020-06-20,The longest day of the year.
Autumn Equinox,2020-09-22T14:00:00Z,2020-09-22T14:00:00Z,2020,2020-09-22,Day and night are approximately equal.
Winter Solstice,2020-12-21T10:00:00Z,2020-12-21T10:00:00Z,2020,2020-12-21,The longest night of the year.
Spring Equinox,2021-03-20T10:00:00Z,2021-03-20T10:00:00Z,2021,2021-03-20,Day and night are approximately equal.
Summer Solstice,2021-06-21T04:00:00Z,2021-06-21T04:00:00Z,2021,2021-06-20,The longest day of the year.
Autumn Equinox,2021-09-22T19:00:00Z,2021-09-22T19:00:00Z,2021,2021-09-22,Day and night are approximately equal.
Winter Solstice,2021-12-21T16:00:00Z,2021-12-21T16:00:00Z,2021,2021-12-21,The longest night of the year.
Spring Equinox,2022-03-20T16:00:00Z,2022-03-20T16:00:00Z,2022,2022-03-20,Day and night are approximately equal.
Summer Solstice,2022-06-21T09:00:00Z,2022-06-21T09:00:00Z,2022,2022-06-21,The longest day of the year.
Autumn Equinox,2022-09-23T01:00:00Z,2022-09-23T01:00:00Z,2022,2022-09-22,Day and night are approximately equal.
Winter Solstice,2022-12-21T22:00:00Z,2022-12-21T22:00:00Z,2022,2022-12-21,The longest night of the year.
Spring Equinox,2023-03-20T21:00:00Z,2023-03-20T21:00:00Z,2023,2023-03-20,Day and night are approximately equal.
Summer Solstice,2023-06-21T15:00:00Z,2023-06-21T15:00:00Z,2023,2023-06-21,The longest day of the year.
Autumn Equinox,2023-09-23T07:00:00Z,2023-09-23T07:00:00Z,2023,2023-09-23,Day and night are approximately equal.
Winter Solstice,2023-12-22T03:00:00Z,2023-12-22T03:00:00Z,2023,2023-12-21,The longest night of the year.
Spring Equinox,2024-03-20T03:00:00Z,2024-03-20T03:00:00Z,2024,2024-03-19,Day and night are approximately equal.
Summer Solstice,2024-06-20T21:00:00Z,2024-06-20T21:00:00Z,2024,2024-06-20,The longest day of the year.
Autumn Equinox,2024-09-22T13:00:00Z,2024-09-22T13:00:00Z,2024,2024-09-22,Day and night are approximately equal.
Winter Solstice,2024-12-21T09:00:00Z,2024-12-21T09:00:00Z,2024,2024-12-21,The longest night of the year.
Spring Equinox,2025-03-20T09:00:00Z,2025-03-20T09:00:00Z,2025,2025-03-20,Day and night are approximately equal.
Summer Solstice,2025-06-21T03:00:00Z,2025-06-21T03:00:00Z,2025,2025-06-20,The longest day of the year.
Autumn Equinox,2025-09-22T18:00:00Z,2025-09-22T18:00:00Z,2025,2025-09-22,Day and night are approximately equal.
Winter Solstice,2025-12-21T15:00:00Z,2025-12-21T15:00:00Z,2025,2025-12-21,The longest night of the year.
Spring Equinox,2026-03-20T15:00:00Z,2026-03-20T15:00:00Z,2026,2026-03-20,Day and night are approximately equal.
Summer Solstice,2026-06-21T08:00:00Z,2026-06-21T08:00:00Z,2026,2026-06-21,The longest day of the year.
Autumn Equinox,2026-09-23T00:00:00Z,2026-09-23T00:00:00Z,2026,2026-09-22,Day and night are approximately equal.
Winter Solstice,2026-12-21T21:00:00Z,2026-12-21T21:00:00Z,2026,2026-12-21,The longest night of the year.
Spring Equinox,2027-03-20T20:00:00Z,2027-03-20T20:00:00Z,2027,2027-03-20,Day and night are approximately equal.
Summer Solstice,2027-06-21T14:00:00Z,2027-06-21T14:00:00Z,2027,2027-06-21,The longest day of the year.
Autumn Equinox,2027-09-23T06:00:00Z,2027-09-23T06:00:00Z,2027,2027-09-22,Day and night are approximately equal.
Winter Solstice,2027-12-22T03:00:00Z,2027-12-22T03:00:00Z,2027,2027-12-21,The longest night of the year.
Spring Equinox,2028-03-20T02:00:00Z,2028-03-20T02:00:00Z,2028,2028-03-19,Day and night are approximately equal.
Summer Solstice,2028-06-20T20:00:00Z,2028-06-20T20:00:00Z,2028,2028-06-20,The longest day of the year.
Autumn Equinox,2028-09-22T12:00:00Z,2028-09-22T12:00:00Z,2028,2028-09-22,Day and night are approximately equal.
Winter Solstice,2028-12-21T08:00:00Z,2028-12-21T08:00:00Z,2028,2028-12-21,The longest night of the year.
Spring Equinox,2029-03-20T08:00:00Z,2029-03-20T08:00:00Z,2029,2029-03-20,Day and night are approximately equal.
Summer Solstice,2029-06-21T02:00:00Z,2029-06-21T02:00:00Z,2029,2029-06-20,The longest day of the year.
Autumn Equinox,2029-09-22T18:00:00Z,2029-09-22T18:00:00Z,2029,2029-09-22,Day and night are approximately equal.
Winter Solstice,2029-12-21T14:00:00Z,2029-12-21T14:00:00Z,2029,2029-12-21,The longest night of the year.
Spring Equinox,2030-03-20T14:00:00Z,2030-03-20T14:00:00Z,2030,2030-03-20,Day and night are approximately equal.
Summer Solstice,2030-06-21T08:00:00Z,2030-06-21T08:00:00Z,2030,2030-06-21,The longest day of the year.
Autumn Equinox,2030-09-22T23:00:00Z,2030-09-22T23:00:00Z,2030,2030-09-22,Day and night are approximately equal.
Winter Solstice,2030-12-21T20:00:00Z,2030-12-21T20:00:00Z,2030,2030-12-21,The longest night of the year.
Spring Equinox,2031-03-20T20:00:00Z,2031-03-20T20:00:00Z,2031,2031-03-20,Day and night are approximately equal.
Summer Solstice,2031-06-21T13:00:00Z,2031-06-21T13:00:00Z,2031,2031-06-21,The longest day of the year.
Autumn Equinox,2031-09-23T05:00:00Z,2031-09-23T05:00:00Z,2031,2031-09-22,Day and night are approximately equal.
Winter Solstice,2031-12-22T02:00:00Z,2031-12-22T02:00:00Z,2031,2031-12-21,The longest night of the year.
Spring Equinox,2032-03-20T01:00:00Z,2032-03-20T01:00:00Z,2032,2032-03-19,Day and night are approximately equal.
Summer Solstice,2032-06-20T19:00:00Z,2032-06-20T19:00:00Z,2032,2032-06-20,The longest day of the year.
Autumn Equinox,2032-09-22T11:00:00Z,2032-09-22T11:00:00Z,2032,2032-09-22,Day and night are approximately equal.
Winter Solstice,2032-12-21T08:00:00Z,2032-12-21T08:00:00Z,2032,2032-12-21,The longest night of the year.
Spring Equinox,2033-03-20T07:00:00Z,2033-03-20T07:00:00Z,2033,2033-03-20,Day and night are approximately equal.
Summer Solstice,2033-06-21T01:00:00Z,2033-06-21T01:00:00Z,2033,2033-06-20,The longest day of the year.
Autumn Equinox,2033-09-22T17:00:00Z,2033-09-22T17:00:00Z,2033,2033-09-22,Day and night are approximately equal.
Winter Solstice,2033-12-21T14:00:00Z,2033-12-21T14:00:00Z,2033,2033-12-21,The longest night of the year.
Spring Equinox,2034-03-20T13:00:00Z,2034-03-20T13:00:00Z,2034,2034-03-20,Day and night are approximately equal.
Summer Solstice,2034-06-21T07:00:00Z,2034-06-21T07:00:00Z,2034,2034-06-21,The longest day of the year.
Autumn Equinox,2034-09-22T23:00:00Z,2034-09-22T23:00:00Z,2034,2034-09-22,Day and night are approximately equal.
Winter Solstice,2034-12-21T20:00:00Z,2034-12-21T20:00:00Z,2034,2034-12-21,The longest night of the year.
Spring Equinox,2035-03-20T19:00:00Z,2035-03-20T19:00:00Z,2035,2035-03-20,Day and night are approximately equal.
Summer Solstice,2035-06-21T13:00:00Z,2035-06-21T13:00:00Z,2035,2035-06-21,The longest day of the year.
Autumn Equinox,2035-09-23T05:00:00Z,2035-09-23T05:00:00Z,2035,2035-09-22,Day and night are approximately equal.
Winter Solstice,2035-12-22T02:00:00Z,2035-12-22T02:00:00Z,2035,2035-12-21,The longest night of the year.
Spring Equinox,2036-03-20T01:00:00Z,2036-03-20T01:00:00Z,2036,2036-03-19,Day and night are approximately equal.
Summer Solstice,2036-06-20T19:00:00Z,2036-06-20T19:00:00Z,2036,2036-06-20,The longest day of the year.
Autumn Equinox,2036-09-22T10:00:00Z,2036-09-22T10:00:00Z,2036,2036-09-22,Day and night are approximately equal.
Winter Solstice,2036-12-21T07:00:00Z,2036-12-21T07:00:00Z,2036,2036-12-20,The longest night of the year.
Spring Equinox,2037-03-20T07:00:00Z,2037-03-20T07:00:00Z,2037,2037-03-20,Day and night are approximately equal.
Summer Solstice,2037-06-21T00:00:00Z,2037-06-21T00:00:00Z,2037,2037-06-20,The longest day of the year.
Autumn Equinox,2037-09-22T16:00:00Z,2037-09-22T16:00:00Z,2037,2037-09-22,Day and night are approximately equal.
Winter Solstice,2037-12-21T13:00:00Z,2037-12-21T13:00:00Z,2037,2037-12-21,The longest night of the year.
Spring Equinox,2038-03-20T13:00:00Z,2038-03-20T13:00:00Z,2038,2038-03-20,Day and night are approximately equal.
Summer Solstice,2038-06-21T06:00:00Z,2038-06-21T06:00:00Z,2038,2038-06-20,The longest day of the year.
Autumn Equinox,2038-09-22T22:00:00Z,2038-09-22T22:00:00Z,2038,2038-09-22,Day and night are approximately equal.
Winter Solstice,2038-12-21T19:00:00Z,2038-12-21T19:00:00Z,2038,2038-12-21,The longest night of the year.
Spring Equinox,2039-03-20T19:00:00Z,2039-03-20T19:00:00Z,2039,2039-03-20,Day and night are approximately equal.
Summer Solstice,2039-06-21T12:00:00Z,2039-06-21T12:00:00Z,2039,2039-06-21,The longest day of the year.
Autumn Equinox,2039-09-23T04:00:00Z,2039-09-23T04:00:00Z,2039,2039-09-22,Day and night are approximately equal.
Winter Solstice,2039-12-22T01:00:00Z,2039-12-22T01:00:00Z,2039,2039-12-21,The longest night of the year.
Spring Equinox,2040-03-20T00:00:00Z,2040-03-20T00:00:00Z,2040,2040-03-19,Day and night are approximately equal.
Summer Solstice,2040-06-20T18:00:00Z,2040-06-20T18:00:00Z,2040,2040-06-20,The longest day of the year.
Autumn Equinox,2040-09-22T10:00:00Z,2040-09-22T10:00:00Z,2040,2040-09-22,Day and night are approximately equal.
Winter Solstice,2040-12-21T07:00:00Z,2040-12-21T07:00:00Z,2040,2040-12-20,The longest night of the year.
Spring Equinox,2041-03-20T06:00:00Z,2041-03-20T06:00:00Z,2041,2041-03-19,Day and night are approximately equal.
Summer Solstice,2041-06-20T23:00:00Z,2041-06-20T23:00:00Z,2041,2041-06-20,The longest day of the year.
Autumn Equinox,2041-09-22T15:00:00Z,2041-09-22T15:00:00Z,2041,2041-09-22,Day and night are approximately equal.
Winter Solstice,2041-12-21T12:00:00Z,2041-12-21T12:00:00Z,2041,2041-12-21,The longest night of the year.
Spring Equinox,2042-03-20T12:00:00Z,2042-03-20T12:00:00Z,2042,2042-03-20,Day and night are approximately equal.
Summer Solstice,2042-06-21T05:00:00Z,2042-06-21T05:00:00Z,2042,2042-06-20,The longest day of the year.
Autumn Equinox,2042-09-22T21:00:00Z,2042-09-22T21:00:00Z,2042,2042-09-22,Day and night are approximately equal.
Winter Solstice,2042-12-21T18:00:00Z,2042-12-21T18:00:00Z,2042,2042-12-21,The longest night of the year.
Spring Equinox,2043-03-20T17:00:00Z,2043-03-20T17:00:00Z,2043,2043-03-20,Day and night are approximately equal.
Summer Solstice,2043-06-21T11:00:00Z,2043-06-21T11:00:00Z,2043,2043-06-21,The longest day of the year.
Autumn Equinox,2043-09-23T03:00:00Z,2043-09-23T03:00:00Z,2043,2043-09-22,Day and night are approximately equal.
Winter Solstice,2043-12-22T00:00:00Z,2043-12-22T00:00:00Z,2043,2043-12-21,The longest night of the year.
Spring Equinox,2044-03-19T23:00:00Z,2044-03-19T23:00:00Z,2044,2044-03-19,Day and night are approximately equal.
Summer Solstice,2044-06-20T17:00:00Z,2044-06-20T17:00:00Z,2044,2044-06-20,The longest day of the year.
Autumn Equinox,2044-09-22T09:00:00Z,2044-09-22T09:00:00Z,2044,2044-09-22,Day and night are approximately equal.
Winter Solstice,2044-12-21T06:00:00Z,2044-12-21T06:00:00Z,2044,2044-12-20,The longest night of the year.
Spring Equinox,2045-03-20T05:00:00Z,2045-03-20T05:00:00Z,2045,2045-03-19,Day and night are approximately equal.
Summer Solstice,2045-06-20T23:00:00Z,2045-06-20T23:00:00Z,2045,2045-06-20,The longest day of the year.
Autumn Equinox,2045-09-22T15:00:00Z,2045-09-22T15:00:00Z,2045,2045-09-22,Day and night are approximately equal.
Winter Solstice,2045-12-21T12:00:00Z,2045-12-21T12:00:00Z,2045,2045-12-21,The longest night of the year.
Spring Equinox,2046-03-20T11:00:00Z,2046-03-20T11:00:00Z,2046,2046-03-20,Day and night are approximately equal.
Summer Solstice,2046-06-21T04:00:00Z,2046-06-21T04:00:00Z,2046,2046-06-20,The longest day of the year.
Autumn Equinox,2046-09-22T20:00:00Z,2046-09-22T20:00:00Z,2046,2046-09-22,Day and night are approximately equal.
Winter Solstice,2046-12-21T17:00:00Z,2046-12-21T17:00:00Z,2046,2046-12-21,The longest night of the year.
Spring Equinox,2047-03-20T17:00:00Z,2047-03-20T17:00:00Z,2047,2047-03-20,Day and night are approximately equal.
Summer Solstice,2047-06-21T10:00:00Z,2047-06-21T10:00:00Z,2047,2047-06-21,The longest day of the year.
Autumn Equinox,2047-09-23T02:00:00Z,2047-09-23T02:00:00Z,2047,2047-09-22,Day and night are approximately equal.
Winter Solstice,2047-12-21T23:00:00Z,2047-12-21T23:00:00Z,2047,2047-12-21,The longest night of the year.
Spring Equinox,2048-03-19T23:00:00Z,2048-03-19T23:00:00Z,2048,2048-03-19,Day and night are approximately equal.
Summer Solstice,2048-06-20T16:00:00Z,2048-06-20T16:00:00Z,2048,2048-06-20,The longest day of the year.
Autumn Equinox,2048-09-22T08:00:00Z,2048-09-22T08:00:00Z,2048,2048-09-22,Day and night are approximately equal.
Winter Solstice,2048-12-21T05:00:00Z,2048-12-21T05:00:00Z,2048,2048-12-20,The longest night of the year.
Spring Equinox,2049-03-20T04:00:00Z,2049-03-20T04:00:00Z,2049,2049-03-19,Day and night are approximately equal.
Summer Solstice,2049-06-20T22:00:00Z,2049-06-20T22:00:00Z,2049,2049-06-20,The longest day of the year.
Autumn Equinox,2049-09-22T14:00:00Z,2049-09-22T14:00:00Z,2049,2049-09-22,Day and night are approximately equal.
Winter Solstice,2049-12-21T11:00:00Z,2049-12-21T11:00:00Z,2049,2049-12-21,The longest night of the year.
Spring Equinox,2050-03-20T10:00:00Z,2050-03-20T10:00:00Z,2050,2050-03-20,Day and night are approximately equal.
Summer Solstice,2050-06-21T04:00:00Z,2050-06-21T04:00:00Z,2050,2050-06-20,The longest day of the year.
Autumn Equinox,2050-09-22T19:00:00Z,2050-09-22T19:00:00Z,2050,2050-09-22,Day and night are approximately equal.
Winter Solstice,2050-12-21T17:00:00Z,2050-12-21T17:00:00Z,2050,2050-12-21,The longest night of the year.
Spring Equinox,2051-03-20T16:00:00Z,2051-03-20T16:00:00Z,2051,2051-03-20,Day and night are approximately equal.
Summer Solstice,2051-06-21T09:00:00Z,2051-06-21T09:00:00Z,2051,2051-06-21,The longest day of the year.
Autumn Equinox,2051-09-23T01:00:00Z,2051-09-23T01:00:00Z,2051,2051-09-22,Day and night are approximately equal.
Winter Solstice,2051-12-21T23:00:00Z,2051-12-21T23:00:00Z,2051,2051-12-21,The longest night of the year.
Spring Equinox,2052-03-19T22:00:00Z,2052-03-19T22:00:00Z,2052,2052-03-19,Day and night are approximately equal.
Summer Solstice,2052-06-20T15:00:00Z,2052-06-20T15:00:00Z,2052,2052-06-20,The longest day of the year.
Autumn Equinox,2052-09-22T07:00:00Z,2052-09-22T07:00:00Z,2052,2052-09-22,Day and night are approximately equal.
Winter Solstice,2052-12-21T04:00:00Z,2052-12-21T04:00:00Z,2052,2052-12-20,The longest night of the year.
Spring Equinox,2053-03-20T04:00:00Z,2053-03-20T04:00:00Z,2053,2053-03-19,Day and night are approximately equal.
Summer Solstice,2053-06-20T21:00:00Z,2053-06-20T21:00:00Z,2053,2053-06-20,The longest day of the year.
Autumn Equinox,2053-09-22T13:00:00Z,2053-09-22T13:00:00Z,2053,2053-09-22,Day and night are approximately equal.
Winter Solstice,2053-12-21T10:00:00Z,2053-12-21T10:00:00Z,2053,2053-12-21,The longest night of the year.
Spring Equinox,2054-03-20T10:00:00Z,2054-03-20T10:00:00Z,2054,2054-03-20,Day and night are approximately equal.
Summer Solstice,2054-06-21T03:00:00Z,2054-06-21T03:00:00Z,2054,2054-06-20,The longest day of the year.
Autumn Equinox,2054-09-22T19:00:00Z,2054-09-22T19:00:00Z,2054,2054-09-22,Day and night are approximately equal.
Winter Solstice,2054-12-21T16:00:00Z,2054-12-21T16:00:00Z,2054,2054-12-21,The longest night of the year.
Spring Equinox,2055-03-20T15:00:00Z,2055-03-20T15:00:00Z,2055,2055-03-20,Day and night are approximately equal.
Summer Solstice,2055-06-21T09:00:00Z,2055-06-21T09:00:00Z,2055,2055-06-21,The longest day of the year.
Autumn Equinox,2055-09-23T01:00:00Z,2055-09-23T01:00:00Z,2055,2055-09-22,Day and night are approximately equal.
Winter Solstice,2055-12-21T22:00:00Z,2055-12-21T22:00:00Z,2055,2055-12-21,The longest night of the year.
Spring Equinox,2056-03-19T21:00:00Z,2056-03-19T21:00:00Z,2056,2056-03-19,Day and night are approximately equal.
Summer Solstice,2056-06-20T14:00:00Z,2056-06-20T14:00:00Z,2056,2056-06-20,The longest day of the year.
Autumn Equinox,2056-09-22T07:00:00Z,2056-09-22T07:00:00Z,2056,2056-09-22,Day and night are approximately equal.
Winter Solstice,2056-12-21T04:00:00Z,2056-12-21T04:00:00Z,2056,2056-12-20,The longest night of the year.
Spring Equinox,2057-03-20T03:00:00Z,2057-03-20T03:00:00Z,2057,2057-03-19,Day and night are approximately equal.
Summer Solstice,2057-06-20T20:00:00Z,2057-06-20T20:00:00Z,2057,2057-06-20,The longest day of the year.
Autumn Equinox,2057-09-22T12:00:00Z,2057-09-22T12:00:00Z,2057,2057-09-22,Day and night are approximately equal.
Winter Solstice,2057-12-21T10:00:00Z,2057-12-21T10:00:00Z,2057,2057-12-21,The longest night of the year.
Spring Equinox,2058-03-20T09:00:00Z,2058-03-20T09:00:00Z,2058,2058-03-20,Day and night are approximately equal.
Summer Solstice,2058-06-21T02:00:00Z,2058-06-21T02:00:00Z,2058,2058-06-20,The longest day of the year.
Autumn Equinox,2058-09-22T18:00:00Z,2058-09-22T18:00:00Z,2058,2058-09-22,Day and night are approximately equal.
Winter Solstice,2058-12-21T15:00:00Z,2058-12-21T15:00:00Z,2058,2058-12-21,The longest night of the year.
Spring Equinox,2059-03-20T15:00:00Z,2059-03-20T15:00:00Z,2059,2059-03-20,Day and night are approximately equal.
Summer Solstice,2059-06-21T08:00:00Z,2059-06-21T08:00:00Z,2059,2059-06-21,The longest day of the year.
Autumn Equinox,2059-09-23T00:00:00Z,2059-09-23T00:00:00Z,2059,2059-09-22,Day and night are approximately equal.
Winter Solstice,2059-12-21T21:00:00Z,2059-12-21T21:00:00Z,2059,2059-12-21,The longest night of the year.
Spring Equinox,2060-03-19T21:00:00Z,2060-03-19T21:00:00Z,2060,2060-03-19,Day and night are approximately equal.
Summer Solstice,2060-06-20T14:00:00Z,2060-06-20T14:00:00Z,2060,2060-06-20,The longest day of the year.
Autumn Equinox,2060-09-22T06:00:00Z,2060-09-22T06:00:00Z,2060,2060-09-21,Day and night are approximately equal.
Winter Solstice,2060-12-21T03:00:00Z,2060-12-21T03:00:00Z,2060,2060-12-20,The longest night of the year.
Spring Equinox,2061-03-20T02:00:00Z,2061-03-20T02:00:00Z,2061,2061-03-19,Day and night are approximately equal.
Summer Solstice,2061-06-20T20:00:00Z,2061-06-20T20:00:00Z,2061,2061-06-20,The longest day of the year.
Autumn Equinox,2061-09-22T12:00:00Z,2061-09-22T12:00:00Z,2061,2061-09-22,Day and night are approximately equal.
Winter Solstice,2061-12-21T09:00:00Z,2061-12-21T09:00:00Z,2061,2061-12-21,The longest night of the year.
Spring Equinox,2062-03-20T08:00:00Z,2062-03-20T08:00:00Z,2062,2062-03-20,Day and night are approximately equal.
Summer Solstice,2062-06-21T01:00:00Z,2062-06-21T01:00:00Z,2062,2062-06-20,The longest day of the year.
Autumn Equinox,2062-09-22T17:00:00Z,2062-09-22T17:00:00Z,2062,2062-09-22,Day and night are approximately equal.
Winter Solstice,2062-12-21T15:00:00Z,2062-12-21T15:00:00Z,2062,2062-12-21,The longest night of the year.
Spring Equinox,2063-03-20T14:00:00Z,2063-03-20T14:00:00Z,2063,2063-03-20,Day and night are approximately equal.
Summer Solstice,2063-06-21T07:00:00Z,2063-06-21T07:00:00Z,2063,2063-06-21,The longest day of the year.
Autumn Equinox,2063-09-22T23:00:00Z,2063-09-22T23:00:00Z,2063,2063-09-22,Day and night are approximately equal.
Winter Solstice,2063-12-21T20:00:00Z,2063-12-21T20:00:00Z,2063,2063-12-21,The longest night of the year.
Spring Equinox,2064-03-19T20:00:00Z,2064-03-19T20:00:00Z,2064,2064-03-19,Day and night are approximately equal.
Summer Solstice,2064-06-20T13:00:00Z,2064-06-20T13:00:00Z,2064,2064-06-20,The longest day of the year.
Autumn Equinox,2064-09-22T05:00:00Z,2064-09-22T05:00:00Z,2064,2064-09-21,Day and night are approximately equal.
Winter Solstice,2064-12-21T02:00:00Z,2064-12-21T02:00:00Z,2064,2064-12-20,The longest night of the year.
Spring Equinox,2065-03-20T01:00:00Z,2065-03-20T01:00:00Z,2065,2065-03-19,Day and night are approximately equal.
Summer Solstice,2065-06-20T19:00:00Z,2065-06-20T19:00:00Z,2065,2065-06-20,The longest day of the year.
Autumn Equinox,2065-09-22T11:00:00Z,2065-09-22T11:00:00Z,2065,2065-09-22,Day and night are approximately equal.
Winter Solstice,2065-12-21T08:00:00Z,2065-12-21T08:00:00Z,2065,2065-12-21,The longest night of the year.
Spring Equinox,2066-03-20T07:00:00Z,2066-03-20T07:00:00Z,2066,2066-03-20,Day and night are approximately equal.
Summer Solstice,2066-06-21T00:00:00Z,2066-06-21T00:00:00Z,2066,2066-06-20,The longest day of the year.
Autumn Equinox,2066-09-22T16:00:00Z,2066-09-22T16:00:00Z,2066,2066-09-22,Day and night are approximately equal.
Winter Solstice,2066-12-21T14:00:00Z,2066-12-21T14:00:00Z,2066,2066-12-21,The longest night of the year.
Spring Equinox,2067-03-20T13:00:00Z,2067-03-20T13:00:00Z,2067,2067-03-20,Day and night are approximately equal.
Summer Solstice,2067-06-21T06:00:00Z,2067-06-21T06:00:00Z,2067,2067-06-20,The longest day of the year.
Autumn Equinox,2067-09-22T22:00:00Z,2067-09-22T22:00:00Z,2067,2067-09-22,Day and night are approximately equal.
Winter Solstice,2067-12-21T20:00:00Z,2067-12-21T20:00:00Z,2067,2067-12-21,The longest night of the year.
Spring Equinox,2068-03-19T19:00:00Z,2068-03-19T19:00:00Z,2068,2068-03-19,Day and night are approximately equal.
Summer Solstice,2068-06-20T12:00:00Z,2068-06-20T12:00:00Z,2068,2068-06-20,The longest day of the year.
Autumn Equinox,2068-09-22T04:00:00Z,2068-09-22T04:00:00Z,2068,2068-09-21,Day and night are approximately equal.
Winter Solstice,2068-12-21T02:00:00Z,2068-12-21T02:00:00Z,2068,2068-12-20,The longest night of the year.
Spring Equinox,2069-03-20T01:00:00Z,2069-03-20T01:00:00Z,2069,2069-03-19,Day and night are approximately equal.
Summer Solstice,2069-06-20T18:00:00Z,2069-06-20T18:00:00Z,2069,2069-06-20,The longest day of the year.
Autumn Equinox,2069-09-22T10:00:00Z,2069-09-22T10:00:00Z,2069,2069-09-22,Day and night are approximately equal.
Winter Solstice,2069-12-21T07:00:00Z,2069-12-21T07:00:00Z,2069,2069-12-20,The longest night of the year.
Spring Equinox,2070-03-20T07:00:00Z,2070-03-20T07:00:00Z,2070,2070-03-20,Day and night are approximately equal.
Summer Solstice,2070-06-20T23:00:00Z,2070-06-20T23:00:00Z,2070,2070-06-20,The longest day of the year.
Autumn Equinox,2070-09-22T16:00:00Z,2070-09-22T16:00:00Z,2070,2070-09-22,Day and night are approximately equal.
Winter Solstice,2070-12-21T13:00:00Z,2070-12-21T13:00:00Z,2070,2070-12-21,The longest night of the year.
Spring Equinox,2071-03-20T13:00:00Z,2071-03-20T13:00:00Z,2071,2071-03-20,Day and night are approximately equal.
Summer Solstice,2071-06-21T05:00:00Z,2071-06-21T05:00:00Z,2071,2071-06-20,The longest day of the year.
Autumn Equinox,2071-09-22T22:00:00Z,2071-09-22T22:00:00Z,2071,2071-09-22,Day and night are approximately equal.
Winter Solstice,2071-12-21T19:00:00Z,2071-12-21T19:00:00Z,2071,2071-12-21,The longest night of the year.
Spring Equinox,2072-03-19T18:00:00Z,2072-03-19T18:00:00Z,2072,2072-03-19,Day and night are approximately equal.
Summer Solstice,2072-06-20T11:00:00Z,2072-06-20T11:00:00Z,2072,2072-06-20,The longest day of the year.
Autumn Equinox,2072-09-22T03:00:00Z,2072-09-22T03:00:00Z,2072,2072-09-21,Day and night are approximately equal.
Winter Solstice,2072-12-21T01:00:00Z,2072-12-21T01:00:00Z,2072,2072-12-20,The longest night of the year.
Spring Equinox,2073-03-20T00:00:00Z,2073-03-20T00:00:00Z,2073,2073-03-19,Day and night are approximately equal.
Summer Solstice,2073-06-20T17:00:00Z,2073-06-20T17:00:00Z,2073,2073-06-20,The longest day of the year.
Autumn Equinox,2073-09-22T09:00:00Z,2073-09-22T09:00:00Z,2073,2073-09-22,Day and night are approximately equal.
Winter Solstice,2073-12-21T07:00:00Z,2073-12-21T07:00:00Z,2073,2073-12-20,The longest night of the year.
Spring Equinox,2074-03-20T06:00:00Z,2074-03-20T06:00:00Z,2074,2074-03-19,Day and night are approximately equal.
Summer Solstice,2074-06-20T23:00:00Z,2074-06-20T23:00:00Z,2074,2074-06-20,The longest day of the year.
Autumn Equinox,2074-09-22T15:00:00Z,2074-09-22T15:00:00Z,2074,2074-09-22,Day and night are approximately equal.
Winter Solstice,2074-12-21T13:00:00Z,2074-12-21T13:00:00Z,2074,2074-12-21,The longest night of the year.
Spring Equinox,2075-03-20T12:00:00Z,2075-03-20T12:00:00Z,2075,2075-03-20,Day and night are approximately equal.
Summer Solstice,2075-06-21T05:00:00Z,2075-06-21T05:00:00Z,2075,2075-06-20,The longest day of the year.
Autumn Equinox,2075-09-22T21:00:00Z,2075-09-22T21:00:00Z,2075,2075-09-22,Day and night are approximately equal.
Winter Solstice,2075-12-21T18:00:00Z,2075-12-21T18:00:00Z,2075,2075-12-21,The longest night of the year.
Spring Equinox,2076-03-19T18:00:00Z,2076-03-19T18:00:00Z,2076,2076-03-19,Day and night are approximately equal.
Summer Solstice,2076-06-20T11:00:00Z,2076-06-20T11:00:00Z,2076,2076-06-20,The longest day of the year.
Autumn Equinox,2076-09-22T03:00:00Z,2076-09-22T03:00:00Z,2076,2076-09-21,Day and night are approximately equal.
Winter Solstice,2076-12-21T00:00:00Z,2076-12-21T00:00:00Z,2076,2076-12-20,The longest night of the year.
Spring Equinox,2077-03-19T23:00:00Z,2077-03-19T23:00:00Z,2077,2077-03-19,Day and night are approximately equal.
Summer Solstice,2077-06-20T16:00:00Z,2077-06-20T16:00:00Z,2077,2077-06-20,The longest day of the year.
Autumn Equinox,2077-09-22T09:00:00Z,2077-09-22T09:00:00Z,2077,2077-09-22,Day and night are approximately equal.
Winter Solstice,2077-12-21T06:00:00Z,2077-12-21T06:00:00Z,2077,2077-12-20,The longest night of the year.
Spring Equinox,2078-03-20T05:00:00Z,2078-03-20T05:00:00Z,2078,2078-03-19,Day and night are approximately equal.
Summer Solstice,2078-06-20T22:00:00Z,2078-06-20T22:00:00Z,2078,2078-06-20,The longest day of the year.
Autumn Equinox,2078-09-22T14:00:00Z,2078-09-22T14:00:00Z,2078,2078-09-22,Day and night are approximately equal.
Winter Solstice,2078-12-21T12:00:00Z,2078-12-21T12:00:00Z,2078,2078-12-21,The longest night of the year.
Spring Equinox,2079-03-20T11:00:00Z,2079-03-20T11:00:00Z,2079,2079-03-20,Day and night are approximately equal.
Summer Solstice,2079-06-21T04:00:00Z,2079-06-21T04:00:00Z,2079,2079-06-20,The longest day of the year.
Autumn Equinox,2079-09-22T20:00:00Z,2079-09-22T20:00:00Z,2079,2079-09-22,Day and night are approximately equal.
Winter Solstice,2079-12-21T18:00:00Z,2079-12-21T18:00:00Z,2079,2079-12-21,The longest night of the year.
Spring Equinox,2080-03-19T17:00:00Z,2080-03-19T17:00:00Z,2080,2080-03-19,Day and night are approximately equal.
Summer Solstice,2080-06-20T10:00:00Z,2080-06-20T10:00:00Z,2080,2080-06-20,The longest day of the year.
Autumn Equinox,2080-09-22T02:00:00Z,2080-09-22T02:00:00Z,2080,2080-09-21,Day and night are approximately equal.
Winter Solstice,2080-12-20T23:00:00Z,2080-12-20T23:00:00Z,2080,2080-12-20,The longest night of the year.
Spring Equinox,2081-03-19T23:00:00Z,2081-03-19T23:00:00Z,2081,2081-03-19,Day and night are approximately equal.
Summer Solstice,2081-06-20T15:00:00Z,2081-06-20T15:00:00Z,2081,2081-06-20,The longest day of the year.
Autumn Equinox,2081-09-22T08:00:00Z,2081-09-22T08:00:00Z,2081,2081-09-22,Day and night are approximately equal.
Winter Solstice,2081-12-21T05:00:00Z,2081-12-21T05:00:00Z,2081,2081-12-20,The longest night of the year.
Spring Equinox,2082-03-20T05:00:00Z,2082-03-20T05:00:00Z,2082,2082-03-19,Day and night are approximately equal.
Summer Solstice,2082-06-20T21:00:00Z,2082-06-20T21:00:00Z,2082,2082-06-20,The longest day of the year.
Autumn Equinox,2082-09-22T13:00:00Z,2082-09-22T13:00:00Z,2082,2082-09-22,Day and night are approximately equal.
Winter Solstice,2082-12-21T11:00:00Z,2082-12-21T11:00:00Z,2082,2082-12-21,The longest night of the year.
Spring Equinox,2083-03-20T10:00:00Z,2083-03-20T10:00:00Z,2083,2083-03-20,Day and night are approximately equal.
Summer Solstice,2083-06-21T03:00:00Z,2083-06-21T03:00:00Z,2083,2083-06-20,The longest day of the year.
Autumn Equinox,2083-09-22T19:00:00Z,2083-09-22T19:00:00Z,2083,2083-09-22,Day and night are approximately equal.
Winter Solstice,2083-12-21T17:00:00Z,2083-12-21T17:00:00Z,2083,2083-12-21,The longest night of the year.
Spring Equinox,2084-03-19T16:00:00Z,2084-03-19T16:00:00Z,2084,2084-03-19,Day and night are approximately equal.
Summer Solstice,2084-06-20T09:00:00Z,2084-06-20T09:00:00Z,2084,2084-06-20,The longest day of the year.
Autumn Equinox,2084-09-22T01:00:00Z,2084-09-22T01:00:00Z,2084,2084-09-21,Day and night are approximately equal.
Winter Solstice,2084-12-20T23:00:00Z,2084-12-20T23:00:00Z,2084,2084-12-20,The longest night of the year.
Spring Equinox,2085-03-19T22:00:00Z,2085-03-19T22:00:00Z,2085,2085-03-19,Day and night are approximately equal.
Summer Solstice,2085-06-20T15:00:00Z,2085-06-20T15:00:00Z,2085,2085-06-20,The longest day of the year.
Autumn Equinox,2085-09-22T07:00:00Z,2085-09-22T07:00:00Z,2085,2085-09-22,Day and night are approximately equal.
Winter Solstice,2085-12-21T04:00:00Z,2085-12-21T04:00:00Z,2085,2085-12-20,The longest night of the year.
Spring Equinox,2086-03-20T04:00:00Z,2086-03-20T04:00:00Z,2086,2086-03-19,Day and night are approximately equal.
Summer Solstice,2086-06-20T20:00:00Z,2086-06-20T20:00:00Z,2086,2086-06-20,The longest day of the year.
Autumn Equinox,2086-09-22T13:00:00Z,2086-09-22T13:00:00Z,2086,2086-09-22,Day and night are approximately equal.
Winter Solstice,2086-12-21T10:00:00Z,2086-12-21T10:00:00Z,2086,2086-12-21,The longest night of the year.
Spring Equinox,2087-03-20T09:00:00Z,2087-03-20T09:00:00Z,2087,2087-03-20,Day and night are approximately equal.
Summer Solstice,2087-06-21T02:00:00Z,2087-06-21T02:00:00Z,2087,2087-06-20,The longest day of the year.
Autumn Equinox,2087-09-22T18:00:00Z,2087-09-22T18:00:00Z,2087,2087-09-22,Day and night are approximately equal.
Winter Solstice,2087-12-21T16:00:00Z,2087-12-21T16:00:00Z,2087,2087-12-21,The longest night of the year.
Spring Equinox,2088-03-19T15:00:00Z,2088-03-19T15:00:00Z,2088,2088-03-19,Day and night are approximately equal.
Summer Solstice,2088-06-20T08:00:00Z,2088-06-20T08:00:00Z,2088,2088-06-20,The longest day of the year.
Autumn Equinox,2088-09-22T00:00:00Z,2088-09-22T00:00:00Z,2088,2088-09-21,Day and night are approximately equal.
Winter Solstice,2088-12-20T22:00:00Z,2088-12-20T22:00:00Z,2088,2088-12-20,The longest night of the year.
Spring Equinox,2089-03-19T21:00:00Z,2089-03-19T21:00:00Z,2089,2089-03-19,Day and night are approximately equal.
Summer Solstice,2089-06-20T14:00:00Z,2089-06-20T14:00:00Z,2089,2089-06-20,The longest day of the year.
Autumn Equinox,2089-09-22T06:00:00Z,2089-09-22T06:00:00Z,2089,2089-09-21,Day and night are approximately equal.
Winter Solstice,2089-12-21T04:00:00Z,2089-12-21T04:00:00Z,2089,2089-12-20,The longest night of the year.
Spring Equinox,2090-03-20T03:00:00Z,2090-03-20T03:00:00Z,2090,2090-03-19,Day and night are approximately equal.
Summer Solstice,2090-06-20T20:00:00Z,2090-06-20T20:00:00Z,2090,2090-06-20,The longest day of the year.
Autumn Equinox,2090-09-22T12:00:00Z,2090-09-22T12:00:00Z,2090,2090-09-22,Day and night are approximately equal.
Winter Solstice,2090-12-21T10:00:00Z,2090-12-21T10:00:00Z,2090,2090-12-21,The longest night of the year.
Spring Equinox,2091-03-20T09:00:00Z,2091-03-20T09:00:00Z,2091,2091-03-20,Day and night are approximately equal.
Summer Solstice,2091-06-21T01:00:00Z,2091-06-21T01:00:00Z,2091,2091-06-20,The longest day of the year.
Autumn Equinox,2091-09-22T18:00:00Z,2091-09-22T18:00:00Z,2091,2091-09-22,Day and night are approximately equal.
Winter Solstice,2091-12-21T16:00:00Z,2091-12-21T16:00:00Z,2091,2091-12-21,The longest night of the year.
Spring Equinox,2092-03-19T15:00:00Z,2092-03-19T15:00:00Z,2092,2092-03-19,Day and night are approximately equal.
Summer Solstice,2092-06-20T07:00:00Z,2092-06-20T07:00:00Z,2092,2092-06-20,The longest day of the year.
Autumn Equinox,2092-09-21T23:00:00Z,2092-09-21T23:00:00Z,2092,2092-09-21,Day and night are approximately equal.
Winter Solstice,2092-12-20T22:00:00Z,2092-12-20T22:00:00Z,2092,2092-12-20,The longest night of the year.
Spring Equinox,2093-03-19T21:00:00Z,2093-03-19T21:00:00Z,2093,2093-03-19,Day and night are approximately equal.
Summer Solstice,2093-06-20T13:00:00Z,2093-06-20T13:00:00Z,2093,2093-06-20,The longest day of the year.
Autumn Equinox,2093-09-22T06:00:00Z,2093-09-22T06:00:00Z,2093,2093-09-21,Day and night are approximately equal.
Winter Solstice,2093-12-21T03:00:00Z,2093-12-21T03:00:00Z,2093,2093-12-20,The longest night of the year.
Spring Equinox,2094-03-20T02:00:00Z,2094-03-20T02:00:00Z,2094,2094-03-19,Day and night are approximately equal.
Summer Solstice,2094-06-20T19:00:00Z,2094-06-20T19:00:00Z,2094,2094-06-20,The longest day of the year.
Autumn Equinox,2094-09-22T11:00:00Z,2094-09-22T11:00:00Z,2094,2094-09-22,Day and night are approximately equal.
Winter Solstice,2094-12-21T09:00:00Z,2094-12-21T09:00:00Z,2094,2094-12-21,The longest night of the year.
Spring Equinox,2095-03-20T08:00:00Z,2095-03-20T08:00:00Z,2095,2095-03-20,Day and night are approximately equal.
Summer Solstice,2095-06-21T01:00:00Z,2095-06-21T01:00:00Z,2095,2095-06-20,The longest day of the year.
Autumn Equinox,2095-09-22T17:00:00Z,2095-09-22T17:00:00Z,2095,2095-09-22,Day and night are approximately equal.
Winter Solstice,2095-12-21T15:00:00Z,2095-12-21T15:00:00Z,2095,2095-12-21,The longest night of the year.
Spring Equinox,2096-03-19T14:00:00Z,2096-03-19T14:00:00Z,2096,2096-03-19,Day and night are approximately equal.
Summer Solstice,2096-06-20T07:00:00Z,2096-06-20T07:00:00Z,2096,2096-06-20,The longest day of the year.
Autumn Equinox,2096-09-21T23:00:00Z,2096-09-21T23:00:00Z,2096,2096-09-21,Day and night are approximately equal.
Winter Solstice,2096-12-20T21:00:00Z,2096-12-20T21:00:00Z,2096,2096-12-20,The longest night of the year.
Spring Equinox,2097-03-19T20:00:00Z,2097-03-19T20:00:00Z,2097,2097-03-19,Day and night are approximately equal.
Summer Solstice,2097-06-20T12:00:00Z,2097-06-20T12:00:00Z,2097,2097-06-20,The longest day of the year.
Autumn Equinox,2097-09-22T05:00:00Z,2097-09-22T05:00:00Z,2097,2097-09-21,Day and night are approximately equal.
Winter Solstice,2097-12-21T03:00:00Z,2097-12-21T03:00:00Z,2097,2097-12-20,The longest night of the year.
Spring Equinox,2098-03-20T02:00:00Z,2098-03-20T02:00:00Z,2098,2098-03-19,Day and night are approximately equal.
Summer Solstice,2098-06-20T18:00:00Z,2098-06-20T18:00:00Z,2098,2098-06-20,The longest day of the year.
Autumn Equinox,2098-09-22T10:00:00Z,2098-09-22T10:00:00Z,2098,2098-09-22,Day and night are approximately equal.
Winter Solstice,2098-12-21T08:00:00Z,2098-12-21T08:00:00Z,2098,2098-12-21,The longest night of the year.
Spring Equinox,2099-03-20T07:00:00Z,2099-03-20T07:00:00Z,2099,2099-03-20,Day and night are approximately equal.
Summer Solstice,2099-06-20T23:00:00Z,2099-06-20T23:00:00Z,2099,2099-06-20,The longest day of the year.
Autumn Equinox,2099-09-22T16:00:00Z,2099-09-22T16:00:00Z,2099,2099-09-22,Day and night are approximately equal.
Winter Solstice,2099-12-21T14:00:00Z,2099-12-21T14:00:00Z,2099,2099-12-21,The longest night of the year.
Spring Equinox,2100-03-20T13:00:00Z,2100-03-20T13:00:00Z,2100,2100-03-20,Day and night are approximately equal.
Summer Solstice,2100-06-21T06:00:00Z,2100-06-21T06:00:00Z,2100,2100-06-20,The longest day of the year.
Autumn Equinox,2100-09-22T22:00:00Z,2100-09-22T22:00:00Z,2100,2100-09-22,Day and night are approximately equal.
Winter Solstice,2100-12-21T20:00:00Z,2100-12-21T20:00:00Z,2100,2100-12-21,The longest night of the year.
